{"courseTitle": "CourseNew", "menus": [{"mod": "0", "title": "Module 1"}], "nav": [{"text": "Previous", "id": "Previous Button"}, {"text": "Next", "id": "Next Button"}, {"text": "Page", "id": "Breadcrumb element"}, {"text": "of", "id": "Breadcrumb element"}, {"text": "Close", "id": "Modal element"}, {"text": "test", "id": "Course Title"}], "mod": [{"slides": [{"content": "<div class='row ui-sortable-handle'><div class='col-md-12 col ui-droppable' style='border: 1px dashed rgb(221, 221, 221);'><h1 class='item leftAlign' data-type='text' data-category='text'>This is titledsa das</h1></div></div><div class='row ui-sortable-handle'><div class='col-md-12 col ui-droppable' style='border: 1px dashed rgb(221, 221, 221);'><div class='media item keyconceptbox' data-category='box'><div class='media-left'> <i class='fa fa-key fa-4x'></i></div><div class='media-body'><h4 class='media-heading Inisdeitem'>Heading dsa dsa </h4><span class='Inisdeitem'> Your content goes here  dsadsd as as a  sass</span></div></div></div></div><div class='row ui-sortable-handle'><div class='col-md-12 col ui-droppable' style='border: 1px dashed rgb(221, 221, 221);'><div class='item jumbotron'><h1 class='Inisdeitem'>This is my text</h1><p class='Inisdeitem'>this is my hypertext</p></div></div></div><div class='row ui-sortable-handle'><div class='col-md-6 col ui-droppable' style='border: 1px dashed rgb(221, 221, 221);'><div class='media item notebox' data-category='box'><div class='media-left'><i class='fa fa-lightbulb-o fa-4x'></i></div><div class='media-body'><h4 class='media-heading Inisdeitem'>Heading</h4><span class='Inisdeitem'>Your content goes here</span></div></div></div><div class='col-md-6 col ui-droppable' style='border: 1px dashed rgb(221, 221, 221);'><div class='media item calculationbox' data-category='box'><div class='media-left'><i class='fa fa-calculator fa-4x' aria-hidden='true'></i></div><div class='media-body'><h4 class='media-heading Inisdeitem'>Heading</h4><span class='Inisdeitem'>Your content goes here</span></div></div></div></div>", "active": "1", "title": "Slide 7"}, {"content": "<div class='row ui-sortable-handle' style=''><div class='col-md-12 col ui-droppable' style='border: 1px dashed rgb(221, 221, 221);'><h1 class='item leftAlign' data-type='text' data-category='text'>This is titledsa das</h1></div></div><div class='row ui-sortable-handle' style=''><div class='col-md-12 col ui-droppable' style='border: 1px dashed rgb(221, 221, 221);'><div class='media item notebox' data-category='box'><div class='media-left'><i class='fa fa-lightbulb-o fa-4x'></i></div><div class='media-body'><h4 class='media-heading Inisdeitem'>Heading ada  ada sd</h4><span class='Inisdeitem'>Your content goes heredsds</span></div></div></div></div><div class='row' style=''><div class='col-md-4 col ui-droppable' style='border: 1px dashed rgb(221, 221, 221);'><div class='media item testbox' data-category='box'><div class='media-left'><i class='fa fa-pencil-square-o fa-4x' aria-hidden='true'></i></div><div class='media-body'><h4 class='media-heading Inisdeitem'>Christian</h4><span class='Inisdeitem'>Your content goes here</span></div></div></div><div class='col-md-4 col ui-droppable' style='border: 1px dashed rgb(221, 221, 221);'><div class='media item testbox' data-category='box'><div class='media-left'><i class='fa fa-pencil-square-o fa-4x' aria-hidden='true'></i></div><div class='media-body'><h4 class='media-heading Inisdeitem'>David</h4><span class='Inisdeitem'>Your content goes here</span></div></div></div><div class='col-md-4 col ui-droppable' style='border: 1px dashed rgb(221, 221, 221);'><div class='media item calculationbox' data-category='box'><div class='media-left'><i class='fa fa-calculator fa-4x' aria-hidden='true'></i></div><div class='media-body'><h4 class='media-heading Inisdeitem'>Shannon</h4><span class='Inisdeitem'>Your content goes here</span></div></div></div></div><div class='row' style=''><div class='col-md-6 col ui-droppable' style='border: 1px dashed rgb(221, 221, 221);'><div class='media item testbox' data-category='box'><div class='media-left'><i class='fa fa-pencil-square-o fa-4x' aria-hidden='true'></i></div><div class='media-body'><h4 class='media-heading Inisdeitem'>test my cat</h4><span class='Inisdeitem'>She is nice :)</span></div></div></div><div class='col-md-6 col ui-droppable' style='border: 1px dashed rgb(221, 221, 221);'><img alt='cat' class='item img-responsive' src='../static/images/cat.jpg' data-type='image' data-category='img'></div></div>", "mod": "0", "title": "Slide 0 01"}], "modState": "open", "modTitle": "s1"}, {"slides": [{"content": "<div class='row ui-sortable-handle' style=''><div class='col-md-12 col ui-droppable' style='border: 1px dashed rgb(221, 221, 221);'><h1 class='item leftAlign' data-type='text' data-category='text'>This is titledsa das</h1></div></div><div class='row ui-sortable-handle' style=''><div class='col-md-12 col ui-droppable' style='border: 1px dashed rgb(221, 221, 221);'><div class='media item notebox' data-category='box'><div class='media-left'><i class='fa fa-lightbulb-o fa-4x'></i></div><div class='media-body'><h4 class='media-heading Inisdeitem'>Heading ada  ada sd</h4><span class='Inisdeitem'>Your content goes heredsds</span></div></div></div></div><div class='row ui-sortable-handle'><div class='col-md-12 col ui-droppable' style='border: 1px dashed rgb(221, 221, 221);'><div class='media item keyconceptbox' data-category='box'><div class='media-left'> <i class='fa fa-key fa-4x'></i></div><div class='media-body'><h4 class='media-heading Inisdeitem'>Heading dsa dsa </h4><span class='Inisdeitem'> Your content goes here  dsadsd as as a  sass</span></div></div></div></div><div class='row'><div class='col-md-12 col ui-droppable' style='border: 1px dashed rgb(221, 221, 221);'><div class='media item calculationbox' data-category='box'><div class='media-left'><i class='fa fa-calculator fa-4x' aria-hidden='true'></i></div><div class='media-body'><h4 class='media-heading Inisdeitem'>Heading</h4><span class='Inisdeitem'>Your content goes here</span></div></div></div></div><div class='row'><div class='col-md-12 col ui-droppable' style='border: 1px dashed rgb(221, 221, 221);'><div class='media item gotobox' data-category='box'><div class='media-left'><span class='glyphicon glyphicon-share-alt' aria-hidden='true'></span></div><div class='media-body'><h4 class='media-heading Inisdeitem'>Heading</h4><span class='Inisdeitem'>Go to this boxxxxxxxx</span></div></div></div></div>", "title": "Slide 34", "mod": "11"}, {"content": "<div class='row' style=''><div class='col-md-12 col' style='border: 1px dashed rgb(221, 221, 221);'><h1 class='item centreAlign' data-type='text' data-title='Enter text' data-category='text'>Lorem Ipsum</h1></div></div><div class='row' style=''><div class='col-md-12 col' style='border: 1px dashed rgb(221, 221, 221);'><h2 class='item centreAlign' data-type='text' data-title='Enter text' data-category='text'>Lorem Ipsum has been the industry's standard dummy text ever since the 1500s.</h2></div></div>", "title": "Slide 1 01", "mod": "0"}, {"content": "<div class='row' style=''><div class='col-md-12 col ui-droppable' style='border: 1px dashed rgb(221, 221, 221);'><h1 class='item centreAlign blue xLarge_font' data-type='text' data-title='Enter text' data-category='text'>CATTTTTTTTTTTTTTTT</h1></div></div><div class='row' style=''><div class='col-md-12 col ui-droppable' style='border: 1px dashed rgb(221, 221, 221);'><img alt='cat' class='item img-responsive' src='../static/images/cat.jpg' data-type='image' data-category='img'></div></div>", "title": "Slide 1 11", "mod": "0"}], "modState": "close", "modTitle": "s2"}, {"slides": [{"content": "<div class='row ui-sortable-handle'><div class='col-md-12 col ui-droppable' style='border: 1px dashed rgb(221, 221, 221); border-image: none;'><h1 class='item blue centreAlign medium_font' data-type='text' data-category='text'>This is titledsa das</h1></div></div><div class='row ui-sortable-handle'><div class='col-md-12 col ui-droppable' style='border: 1px dashed rgb(221, 221, 221); border-image: none;'><div class='media item notebox' data-category='box'><div class='media-left'><i class='fa fa-lightbulb-o fa-4x'></i></div><div class='media-body'><h4 class='media-heading Inisdeitem'>Heading ada  ada sd</h4><span class='Inisdeitem'>Your content goes heredsds</span></div></div></div></div><div class='row ui-sortable-handle'><div class='col-md-12 col ui-droppable' style='border: 1px dashed rgb(221, 221, 221); border-image: none;'><div class='media item keyconceptbox' data-category='box'><div class='media-left'> <i class='fa fa-key fa-4x'></i></div><div class='media-body'><h4 class='media-heading Inisdeitem'>Heading dsa dsa </h4><span class='Inisdeitem'> Your content goes here  dsadsd as as a  sass</span></div></div></div></div>", "title": "Slide 34", "mod": "11"}, {"content": "<div class='row'><div class='col-md-12 col ui-droppable' style='border: 1px dashed rgb(221, 221, 221); border-image: none;'><h1 class='item centreAlign' data-type='text' data-category='text' data-title='Enter text'>Cat is my love</h1></div></div><div class='row'><div class='col-md-12 col ui-droppable' style='border: 1px dashed rgb(221, 221, 221); border-image: none;'><div class='media item notebox' data-category='box'><div class='media-left'><i class='fa fa-lightbulb-o fa-4x'></i></div><div class='media-body'><h4 class='media-heading Inisdeitem'>This cat is really cute!</h4><span class='Inisdeitem'>Your content goes here Your content goes here Your content goes here Your content goes here Your content goes here Your content goes here</span></div></div></div></div><div class='row'><div class='col-md-6 col ui-droppable' style='border: 1px dashed rgb(221, 221, 221); border-image: none;'><div class='item jumbotron'><h1 class='Inisdeitem'>My Cat</h1><p class='Inisdeitem'>This is my cat</p></div></div><div class='col-md-6 col ui-droppable' style='border: 1px dashed rgb(221, 221, 221); border-image: none;'><img class='item img-responsive' alt='cat' src='../static/images/cat.jpg' data-type='image' data-category='img'></div></div>", "title": "Slide 2 01", "mod": "0"}, {"content": "<div class='row ui-sortable-handle'><div class='col-md-12 col ui-droppable' style='border: 1px dashed rgb(221, 221, 221); border-image: none;'><h1 class='item leftAlign' data-type='text' data-category='text'>This is titledsa das</h1></div></div><div class='row ui-sortable-handle'><div class='col-md-12 col ui-droppable' style='border: 1px dashed rgb(221, 221, 221); border-image: none;'><div class='media item keyconceptbox' data-category='box'><div class='media-left'> <i class='fa fa-key fa-4x'></i></div><div class='media-body'><h4 class='media-heading Inisdeitem'>Heading dsa dsa </h4><span class='Inisdeitem'> Your content goes here  dsadsd as as a  sass</span></div></div></div></div><div class='row ui-sortable-handle'><div class='col-md-12 col ui-droppable' style='border: 1px dashed rgb(221, 221, 221); border-image: none;'><div class='item jumbotron'><h1 class='Inisdeitem'>This is my text</h1><p class='Inisdeitem'>this is my hypertext</p></div></div></div><div class='row ui-sortable-handle'><div class='col-md-12 col ui-droppable' style='border: 1px dashed rgb(221, 221, 221); border-image: none;'><div class='media item notebox' data-category='box'><div class='media-left'><i class='fa fa-lightbulb-o fa-4x'></i></div><div class='media-body'><h4 class='media-heading Inisdeitem'>Heading ada  ada sd</h4><span class='Inisdeitem'>Your content goes heredsds</span></div></div></div></div>", "mod": "0", "title": "Slide 2 11"}, {"content": "<div class='row'><div class='col-md-4 col ui-droppable' style='border: 1px dashed rgb(221, 221, 221); border-image: none;'><div class='media item activitybox' data-category='box'><div class='media-left'><i class='fa fa-flag fa-4x' aria-hidden='true'></i></div><div class='media-body'><h4 class='media-heading Inisdeitem'>Heading</h4><span class='Inisdeitem'>Your content goes here</span></div></div></div><div class='col-md-4 col ui-droppable' style='border: 1px dashed rgb(221, 221, 221); border-image: none;'><p class='item' data-type='text' data-category='text'>']This is body text9pp90p90</p></div><div class='col-md-4 col ui-droppable' style='border: 1px dashed rgb(221, 221, 221); border-image: none;'></div></div><div class='row'><div class='col-md-12 col ui-droppable' style='border: 1px dashed rgb(221, 221, 221); border-image: none;'><div class='item jumbotron'><h1 class='Inisdeitem'>Your Title Here</h1><p class='Inisdeitem'>You can write the Jumbotron paragraph here!</p></div></div></div>", "mod": "0", "title": "Slide 2 21"}], "modState": "close", "modTitle": "s3"}, {"slides": [{"content": "<div class='row' style=''><div class='col-md-12 col' style='border: 1px dashed rgb(221, 221, 221);'><h1 class='item centreAlign' data-type='text' data-title='Enter text' data-category='text'>Lorem Ipsum</h1></div></div><div class='row' style=''><div class='col-md-12 col' style='border: 1px dashed rgb(221, 221, 221);'><h2 class='item centreAlign' data-type='text' data-title='Enter text' data-category='text'>Lorem Ipsum has been the industry's standard dummy text ever since the 1500s.</h2></div></div>", "mod": "11", "title": "Slide 34"}], "modState": "open", "modTitle": "ThisNew"}]}