{"courseTitle": "CourseTitle", "menus": [{"title": "Module 1", "mod": "0"}], "nav": [{"text": "Previous", "id": "Previous Button"}, {"text": "Next", "id": "Next Button"}, {"text": "Page", "id": "Breadcrumb element"}, {"text": "of", "id": "Breadcrumb element"}, {"text": "Close", "id": "Modal element"}, {"text": "test", "id": "Course Title"}], "mod": [{"slides": [{"content": "<h1>This is titleg 33</h1>", "title": "Slide 33", "mod": "0"}], "modState": "close", "modTitle": "This1"}, {"slides": [{"content": "<h1>This is title 33</h1>", "mod": "0", "title": "Slide 33"}, {"content": "<h1>This is title 33</h1>", "mod": "0", "title": "Slide 33"}], "modState": "open", "modTitle": "newSection"}, {"slides": [{"content": "<h1>This is title 33</h1>", "mod": "0", "title": "Slide 33"}], "modState": "open", "modTitle": "newSection"}]}