{"courseTitle": "CourseTitle", "menus": [{"mod": "0", "title": "Module 1"}], "nav": [{"text": "Previous", "id": "Previous Button"}, {"text": "Next", "id": "Next Button"}, {"text": "Page", "id": "Breadcrumb element"}, {"text": "of", "id": "Breadcrumb element"}, {"text": "Close", "id": "Modal element"}, {"text": "test", "id": "Course Title"}], "mod": [{"slides": [{"content": "<h1>This is title 33</h1>", "mod": "0", "title": "Slide 33"}, {"content": "<h1>This is title 33</h1>", "title": "Slide 33", "mod": "0"}], "modTitle": "This1"}, {"slides": [{"content": "<h1>This is title 3</h1>", "mod": "1", "title": "Slide 1"}, {"content": "<h1>This is title 4</h1>", "mod": "1", "title": "Slide 2"}], "modTitle": "This2"}]}