{
	"courseTitle": "CourseTitle",
	"menus": [{
		"title": "Module 1",
		"mod": "0"
	}],
	"nav": [{
		"text": "Previous",
		"id": "Previous Button"
	}, {
		"text": "Next",
		"id": "Next Button"
	}, {
		"text": "Page",
		"id": "Breadcrumb element"
	}, {
		"text": "of",
		"id": "Breadcrumb element"
	}, {
		"text": "Close",
		"id": "Modal element"
	}, {
		"text": "test",
		"id": "Course Title"
	}],
	"mod": [{
		"slides": [{
			"content": "<h1>This is title 1</h1>",
			"title": "Slide 1",
			"mod": "0"
		}, {
			"content": "<h1>This is title 2</h1>",
			"title": "Slide 5",
			"mod": "0"
		}],
		"modTitle": "This"
	}, {
		"slides": [{
			"content": "<h1>This is title 3</h1>",
			"title": "Slide 1",
			"mod": "1"
		}, {
			"content": "<h1>This is title 4</h1>",
			"title": "Slide 2",
			"mod": "1"
		}],
		"modTitle": "Title3"
	}]
}